INSERT INTO Address (apartment_number, city, country, house_number, postal_code, street) VALUES
(1, 'New York', 'USA', '10B', '10001', 'Broadway'),
(2, 'Los Angeles', 'USA', '20A', '90001', 'Hollywood Boulevard'),
(3, 'Chicago', 'USA', '30', '60601', 'Michigan Avenue'),
(4, 'Houston', 'USA', '40C', '77001', 'Main Street'),
(5, 'Miami', 'USA', '50', '33101', 'Ocean Drive'),
(6, 'San Francisco', 'USA', '60', '94101', 'Market Street'),
(7, 'Seattle', 'USA', '70', '98101', 'Pike Place'),
(8, 'Boston', 'USA', '80D', '02101', 'Beacon Street'),
(9, 'Denver', 'USA', '90', '80201', 'Larimer Street'),
(10, 'Philadelphia', 'USA', '100', '19019', 'Chestnut Street'),
(11, 'Phoenix', 'USA', '110', '85001', 'Camelback Road'),
(12, 'Atlanta', 'USA', '120', '30301', 'Peachtree Street'),
(13, 'Dallas', 'USA', '130E', '75201', 'Elm Street'),
(14, 'Detroit', 'USA', '140', '48201', 'Woodward Avenue'),
(15, 'Washington D.C.', 'USA', '150', '20001', 'Pennsylvania Avenue'),
(16, 'San Diego', 'USA', '160F', '92101', 'Gaslamp Quarter'),
(17, 'Minneapolis', 'USA', '170', '55401', 'Hennepin Avenue'),
(18, 'Austin', 'USA', '180', '78701', 'Congress Avenue'),
(19, 'Portland', 'USA', '190G', '97201', 'Burnside Street'),
(20, 'Las Vegas', 'USA', '200', '89101', 'Fremont Street'),
(21, 'Houston', 'USA', '230', '856701', 'Bug Street'),
(22, 'Chicago', 'USA', '250', '856702', 'Sunset Boulevard'),
(23, 'San Francisco', 'USA', '270', '856703', 'Golden Gate Avenue'),
(24, 'Seattle', 'USA', '290', '856704', 'Lake Street'),
(25, 'Boston', 'USA', '310', '856705', 'Harvard Street'),
(26, 'Denver', 'USA', '330', '856706', 'Mountain Road'),
(27, 'Philadelphia', 'USA', '350', '856707', 'Liberty Avenue'),
(28, 'Phoenix', 'USA', '370', '856708', 'Desert Road'),
(29, 'Atlanta', 'USA', '390', '856709', 'Peach Street'),
(30, 'Dallas', 'USA', '410', '856710', 'Lone Star Road'),
(31, 'Detroit', 'USA', '430', '856711', 'Motor City Street'),
(32, 'Washington D.C.', 'USA', '450', '856712', 'Capitol Street'),
(33, 'San Diego', 'USA', '470', '856713', 'Seaport Village Road'),
(34, 'Minneapolis', 'USA', '490', '856714', 'Twin Cities Avenue'),
(35, 'Austin', 'USA', '510', '856715', 'Music Lane'),
(36, 'Portland', 'USA', '530', '856716', 'Rose Street'),
(37, 'Las Vegas', 'USA', '550', '856717', 'Casino Road'),
(38, 'New York', 'USA', '570', '856718', 'Empire State Avenue'),
(39, 'Los Angeles', 'USA', '590', '856719', 'Hollywood Avenue'),
(40, 'Chicago', 'USA', '610', '856720', 'Windy City Street'),
(41, 'Houston', 'USA', '630', '856721', 'Space City Boulevard'),
(42, 'Miami', 'USA', '650', '856722', 'Ocean Drive Lane'),
(43, 'San Francisco', 'USA', '670', '856723', 'Bay Street'),
(44, 'Seattle', 'USA', '690', '856724', 'Rain City Road'),
(45, 'Boston', 'USA', '710', '856725', 'Freedom Trail Avenue'),
(46, 'Denver', 'USA', '730', '856726', 'Rocky Mountain Road'),
(47, 'Philadelphia', 'USA', '750', '856727', 'Betsy Ross Lane'),
(48, 'Phoenix', 'USA', '770', '856728', 'Cactus Road'),
(49, 'Atlanta', 'USA', '790', '856729', 'Coca-Cola Avenue'),
(50, 'Dallas', 'USA', '810', '856730', 'Cowboy Street'),
(51, 'Detroit', 'USA', '830', '856731', 'Motown Road'),
(52, 'Washington D.C.', 'USA', '850', '856732', 'Constitution Avenue'),
(53, 'San Diego', 'USA', '870', '856733', 'Balboa Park Road'),
(54, 'Minneapolis', 'USA', '890', '856734', 'Lake Wobegon Street'),
(55, 'Austin', 'USA', '910', '856735', 'Longhorn Lane'),
(56, 'Portland', 'USA', '930', '856736', 'Stumptown Road'),
(57, 'Las Vegas', 'USA', '950', '856737', 'Strip Road'),
(58, 'New York', 'USA', '970', '856738', 'Times Square Avenue'),
(59, 'Los Angeles', 'USA', '990', '856739', 'Rodeo Drive'),
(60, 'Chicago', 'USA', '1010', '856740', 'Magnificent Mile'),
(61, 'Houston', 'USA', '1030', '856741', 'Energy Corridor'),
(62, 'Miami', 'USA', '1050', '856742', 'Art Deco Drive'),
(63, 'San Francisco', 'USA', '1070', '856743', 'Alcatraz Avenue'),
(64, 'Seattle', 'USA', '1090', '856744', 'Tech Lane'),
(65, 'Boston', 'USA', '1110', '856745', 'Fenway Park Drive'),
(66, 'Denver', 'USA', '1130', '856746', 'Mile High Road'),
(67, 'Philadelphia', 'USA', '1150', '856747', 'Independence Avenue'),
(68, 'Phoenix', 'USA', '1170', '856748', 'Phoenix Park Road'),
(69, 'Atlanta', 'USA', '1190', '856749', 'Peachtree Lane'),
(70, 'Dallas', 'USA', '1210', '856750', 'Deep Ellum Avenue'),
(71, 'Detroit', 'USA', '1230', '856751', 'Renaissance Center'),
(72, 'Washington D.C.', 'USA', '1250', '856752', 'White House Lane'),
(73, 'San Diego', 'USA', '1270', '856753', 'Coronado Street'),
(74, 'Minneapolis', 'USA', '1290', '856754', 'Mall of America Road'),
(75, 'Austin', 'USA', '1310', '856755', '6th Street Avenue'),
(76, 'Portland', 'USA', '1330', '856756', 'Pearl District Road'),
(77, 'Las Vegas', 'USA', '1350', '856757', 'Neon Boulevard'),
(78, 'New York', 'USA', '1370', '856758', 'Central Park West'),
(79, 'Los Angeles', 'USA', '1390', '856759', 'Beverly Hills Drive'),
(80, 'Chicago', 'USA', '1410', '856760', 'Navy Pier Road'),
(81, 'Houston', 'USA', '1430', '856761', 'Medical Center Boulevard'),
(82, 'Miami', 'USA', '1450', '856762', 'South Beach Drive'),
(83, 'San Francisco', 'USA', '1470', '856763', 'Lombard Street'),
(84, 'Seattle', 'USA', '1490', '856764', 'Belltown Avenue'),
(85, 'Boston', 'USA', '1510', '856765', 'North End Street'),
(86, 'Denver', 'USA', '1530', '856766', 'Union Station Road'),
(87, 'Philadelphia', 'USA', '1550', '856767', 'City Hall Avenue'),
(88, 'Phoenix', 'USA', '1570', '856768', 'Papago Park Drive'),
(89, 'Atlanta', 'USA', '1590', '856769', 'Midtown Road'),
(90, 'Dallas', 'USA', '1610', '856770', 'Uptown Street'),
(91, 'Detroit', 'USA', '1630', '856771', 'Greektown Avenue'),
(92, 'Washington D.C.', 'USA', '1650', '856772', 'Smithsonian Road'),
(93, 'San Diego', 'USA', '1670', '856773', 'Mission Beach Drive'),
(94, 'Minneapolis', 'USA', '1690', '856774', 'Mill District Avenue'),
(95, 'Austin', 'USA', '1710', '856775', 'Barton Springs Road'),
(96, 'Portland', 'USA', '1730', '856776', 'Hawthorne Boulevard'),
(97, 'Las Vegas', 'USA', '1750', '856777', 'Downtown Road'),
(98, 'New York', 'USA', '1770', '856778', 'Broadway Street'),
(99, 'Los Angeles', 'USA', '1790', '856779', 'Melrose Avenue'),
(100, 'Chicago', 'USA', '1810', '856780', 'Wrigleyville Road'),
(101, 'Houston', 'USA', '1830', '856781', 'Rice Village Boulevard'),
(102, 'Miami', 'USA', '1850', '856782', 'Little Havana Street'),
(103, 'San Francisco', 'USA', '1870', '856783', 'Fishermans Wharf Avenue'),
(104, 'Seattle', 'USA', '1890', '856784', 'Capitol Hill Road'),
(105, 'Boston', 'USA', '1910', '856785', 'Seaport Boulevard'),
(106, 'Denver', 'USA', '1930', '856786', 'Golden Triangle Road'),
(107, 'Philadelphia', 'USA', '1950', '856787', 'Rittenhouse Square Avenue'),
(108, 'Phoenix', 'USA', '1970', '856788', 'Desert Ridge Road'),
(109, 'Atlanta', 'USA', '1990', '856789', 'Buckhead Avenue'),
(110, 'Dallas', 'USA', '2010', '856790', 'Bishop Arts Street'),
(111, 'Detroit', 'USA', '2030', '856791', 'Corktown Road'),
(112, 'Washington D.C.', 'USA', '2050', '856792', 'Georgetown Avenue'),
(113, 'San Diego', 'USA', '2070', '856793', 'Balboa Park Street'),
(114, 'Minneapolis', 'USA', '2090', '856794', 'North Loop Road'),
(115, 'Austin', 'USA', '2110', '856795', 'Rainey Street Avenue'),
(116, 'Portland', 'USA', '2130', '856796', 'Sellwood Boulevard'),
(117, 'Las Vegas', 'USA', '2150', '856797', 'Summerlin Parkway'),
(118, 'New York', 'USA', '2170', '856798', 'SoHo Road'),
(119, 'Los Angeles', 'USA', '2190', '856799', 'Sunset Boulevard'),
(120, 'Chicago', 'USA', '2210', '856800', 'Lincoln Park Avenue'),
(121, 'Houston', 'USA', '2230', '856801', 'Montrose Boulevard'),
(122, 'Miami', 'USA', '2250', '856802', 'Brickell Avenue'),
(123, 'San Francisco', 'USA', '2270', '856803', 'Castro Street'),
(124, 'Seattle', 'USA', '2290', '856804', 'Queen Anne Avenue'),
(125, 'Boston', 'USA', '2310', '856805', 'South End Street'),
(126, 'Denver', 'USA', '2330', '856806', 'Cherry Creek Road'),
(127, 'Philadelphia', 'USA', '2350', '856807', 'University City Avenue'),
(128, 'Phoenix', 'USA', '2370', '856808', 'Arcadia Road'),
(129, 'Atlanta', 'USA', '2390', '856809', 'Old Fourth Ward Avenue'),
(130, 'Dallas', 'USA', '2410', '856810', 'Design District Street'),
(131, 'Detroit', 'USA', '2430', '856811', 'West Village Road'),
(132, 'Washington D.C.', 'USA', '2450', '856812', 'Capitol Hill Street'),
(133, 'San Diego', 'USA', '2470', '856813', 'La Jolla Avenue'),
(134, 'Minneapolis', 'USA', '2490', '856814', 'Northeast Road'),
(135, 'Austin', 'USA', '2510', '856815', 'South Congress Avenue'),
(136, 'Portland', 'USA', '2530', '856816', 'Alberta Street'),
(137, 'Las Vegas', 'USA', '2550', '856817', 'Henderson Parkway'),
(138, 'New York', 'USA', '2570', '856818', 'Upper East Side Road'),
(139, 'Los Angeles', 'USA', '2590', '856819', 'Santa Monica Boulevard'),
(140, 'Chicago', 'USA', '2610', '856820', 'West Loop Road'),
(141, 'Houston', 'USA', '2630', '856821', 'Galleria Boulevard'),
(142, 'Miami', 'USA', '2650', '856822', 'Wynwood Street'),
(143, 'San Francisco', 'USA', '2670', '856823', 'Union Square Avenue'),
(144, 'Seattle', 'USA', '2690', '856824', 'Fremont Road'),
(145, 'Boston', 'USA', '2710', '856825', 'Back Bay Street'),
(146, 'Denver', 'USA', '2730', '856826', 'LoDo Road'),
(147, 'Philadelphia', 'USA', '2750', '856827', 'Old City Avenue'),
(148, 'Phoenix', 'USA', '2770', '856828', 'Roosevelt Row Road'),
(149, 'Atlanta', 'USA', '2790', '856829', 'Virginia Highland Avenue'),
(150, 'Dallas', 'USA', '2810', '856830', 'Victory Park Street');

INSERT INTO Patient (first_name, middle_name, last_name, phone_number, social_security_number, insurance_number, sex, date_of_birth, place_of_birth, status, address_id) VALUES
('John', 'Edward', 'Doe', '555-1234', 123456789, 987654321, 'MALE', '1990-05-15 00:00:00', 'New York', 'ACTIVATED', 1),
('Alice', 'Marie', 'Smith', '555-5678', 987654321, 123456782, 'FEMALE', '1985-08-20 00:00:00', 'Los Angeles', 'DEACTIVATED', 2),
('Michael', 'William', 'Johnson', '555-4321', 234567890, 234567834, 'MALE', '1978-12-10 00:00:00', 'Chicago', 'ACTIVATED', 3),
('Emily', NULL, 'Brown', '555-8765', 345678901, 345678945, 'FEMALE', '1995-03-25 00:00:00', 'Houston', 'DEACTIVATED', 4),
('Daniel', 'Joseph', 'Wilson', '555-9876', 456789012, 456789056, 'MALE', '1982-07-03 00:00:00', 'Miami', 'ACTIVATED', 5),
('Olivia', 'Elizabeth', 'Martinez', '555-2345', 567890123, 567890123, 'FEMALE', '1993-09-12 00:00:00', 'San Francisco', 'DEACTIVATED', 6),
('William', 'Alexander', 'Taylor', '555-5432', 678901234, 678901234, 'MALE', '1987-06-30 00:00:00', 'Seattle', 'ACTIVATED', 7),
('Sophia', NULL, 'Anderson', '555-7890', 789012345, 789012345, 'FEMALE', '1980-01-08 00:00:00', 'Boston', 'DEACTIVATED', 8),
('James', 'Christopher', 'Garcia', '555-6543', 890123456, 890123456, 'MALE', '1991-11-20 00:00:00', 'Denver', 'ACTIVATED', 9),
('Emma', 'Nicole', 'Hernandez', '555-8765', 901234567, 901234567, 'FEMALE', '1976-04-05 00:00:00', 'Philadelphia', 'DEACTIVATED', 10),
('Benjamin', NULL, 'Lopez', '555-9876', 123450987, 123450987, 'MALE', '1989-02-14 00:00:00', 'Phoenix', 'ACTIVATED', 11),
('Ava', 'Michelle', 'Gonzalez', '555-3456', 234567890, 234567890, 'FEMALE', '1984-10-18 00:00:00', 'Atlanta', 'DEACTIVATED', 12),
('Logan', 'David', 'Perez', '555-6543', 345678901, 345678901, 'MALE', '1979-07-22 00:00:00', 'Dallas', 'ACTIVATED', 13),
('Mia', NULL, 'Jackson', '555-8901', 456789012, 456789012, 'FEMALE', '1997-08-28 00:00:00', 'Detroit', 'DEACTIVATED', 14),
('Elijah', 'Daniel', 'Miller', '555-2345', 567890123, 567890123, 'MALE', '1983-05-17 00:00:00', 'Washington D.C.', 'ACTIVATED', 15),
('Charlotte', 'Grace', 'White', '555-4321', 678901234, 678901234, 'FEMALE', '1992-12-03 00:00:00', 'San Diego', 'DEACTIVATED', 16),
('Carter', NULL, 'Thomas', '555-7890', 789012345, 789012345, 'MALE', '1988-03-10 00:00:00', 'Minneapolis', 'ACTIVATED', 17),
('Luna', 'Olivia', 'Harris', '555-0987', 890123456, 890123456, 'FEMALE', '1981-02-27 00:00:00', 'Austin', 'DEACTIVATED', 18),
('Mateo', 'Lucas', 'Walker', '555-3210', 901234567, 901234567, 'MALE', '1994-06-09 00:00:00', 'Portland', 'ACTIVATED', 19),
('Stella', NULL, 'King', '555-8765', 123456789, 123456789, 'FEMALE', '1977-09-14 00:00:00', 'Las Vegas', 'DEACTIVATED', 20),
('David', 'Michael', 'Brown', '555-1234', 234567891, 345678901, 'MALE', '1986-04-18 00:00:00', 'Houston', 'ACTIVATED', 21),
('Isabella', 'Sophia', 'Lee', '555-5678', 345678912, 456789012, 'FEMALE', '1998-07-27 00:00:00', 'Chicago', 'DEACTIVATED', 22),
('Noah', 'Christopher', 'Gonzalez', '555-4321', 456789123, 567890123, 'MALE', '1975-10-08 00:00:00', 'San Francisco', 'ACTIVATED', 23),
('Amelia', NULL, 'Walker', '555-8765', 567890234, 678901234, 'FEMALE', '1980-03-15 00:00:00', 'Seattle', 'DEACTIVATED', 24),
('Ethan', 'Daniel', 'Perez', '555-9876', 678901345, 789012345, 'MALE', '1990-05-20 00:00:00', 'Boston', 'ACTIVATED', 25),
('Avery', 'Grace', 'King', '555-2345', 789012456, 890123456, 'FEMALE', '1983-08-11 00:00:00', 'Denver', 'DEACTIVATED', 26),
('Evelyn', NULL, 'Taylor', '555-5432', 890123567, 901234567, 'FEMALE', '1995-12-01 00:00:00', 'Philadelphia', 'ACTIVATED', 27),
('Alexander', 'Benjamin', 'Thomas', '555-7890', 901234678, 123450987, 'MALE', '1988-02-04 00:00:00', 'Phoenix', 'DEACTIVATED', 28),
('Abigail', 'Lily', 'Harris', '555-6543', 123450998, 234567890, 'FEMALE', '1977-06-23 00:00:00', 'Atlanta', 'ACTIVATED', 29),
('Mason', NULL, 'Jackson', '555-0987', 234567899, 345678901, 'MALE', '1993-09-30 00:00:00', 'Dallas', 'DEACTIVATED', 30),
('Harper', 'Elizabeth', 'Lopez', '555-3210', 345678912, 456789012, 'FEMALE', '1981-01-16 00:00:00', 'Detroit', 'ACTIVATED', 31),
('Ella', 'Chloe', 'Martinez', '555-5432', 456789023, 567890123, 'FEMALE', '1997-04-05 00:00:00', 'Washington D.C.', 'DEACTIVATED', 32),
('Jackson', 'Matthew', 'Wilson', '555-8765', 567890134, 678901234, 'MALE', '1985-07-22 00:00:00', 'San Diego', 'ACTIVATED', 33),
('Liam', NULL, 'Anderson', '555-2345', 678901245, 789012345, 'MALE', '1974-11-19 00:00:00', 'Minneapolis', 'DEACTIVATED', 34),
('Aria', 'Natalie', 'Garcia', '555-4321', 789012356, 890123456, 'FEMALE', '1989-10-30 00:00:00', 'Austin', 'ACTIVATED', 35),
('Sofia', 'Amelia', 'Brown', '555-7654', 890123467, 901234567, 'FEMALE', '1992-03-14 00:00:00', 'Portland', 'DEACTIVATED', 36),
('Lucas', NULL, 'White', '555-0987', 901234578, 123456789, 'MALE', '1986-05-25 00:00:00', 'Las Vegas', 'ACTIVATED', 37),
('Aiden', 'David', 'Lee', '555-9876', 123456790, 234567890, 'MALE', '1979-08-12 00:00:00', 'New York', 'DEACTIVATED', 38),
('Zoe', 'Madison', 'Hernandez', '555-2345', 234567801, 345678901, 'FEMALE', '1994-01-17 00:00:00', 'Los Angeles', 'ACTIVATED', 39),
('Mason', NULL, 'Clark', '555-6789', 345678912, 456789012, 'MALE', '1982-12-25 00:00:00', 'Chicago', 'DEACTIVATED', 40),
('Elena', 'Victoria', 'Rodriguez', '555-1234', 456789023, 567890123, 'FEMALE', '1978-07-08 00:00:00', 'Houston', 'ACTIVATED', 41),
('Luke', 'Joseph', 'Smith', '555-9876', 567890134, 678901234, 'MALE', '1996-09-02 00:00:00', 'Miami', 'DEACTIVATED', 42),
('Ariana', NULL, 'Baker', '555-8765', 678901245, 789012345, 'FEMALE', '1987-02-19 00:00:00', 'San Francisco', 'ACTIVATED', 43),
('Gabriel', 'Alexander', 'Young', '555-2345', 789012356, 890123456, 'MALE', '1984-04-27 00:00:00', 'Seattle', 'DEACTIVATED', 44),
('Grace', 'Olivia', 'Green', '555-7654', 890123467, 901234567, 'FEMALE', '1975-11-11 00:00:00', 'Boston', 'ACTIVATED', 45),
('Eli', 'Christopher', 'Wright', '555-3210', 901234578, 123450987, 'MALE', '1991-06-28 00:00:00', 'Denver', 'DEACTIVATED', 46),
('Natalie', NULL, 'Evans', '555-6789', 123450998, 234567890, 'FEMALE', '1998-08-03 00:00:00', 'Philadelphia', 'ACTIVATED', 47),
('Landon', 'William', 'Morris', '555-5432', 234567899, 345678901, 'MALE', '1976-01-27 00:00:00', 'Phoenix', 'DEACTIVATED', 48),
('Aubrey', 'Sophia', 'Collins', '555-9876', 345678910, 456789012, 'FEMALE', '1993-04-12 00:00:00', 'Atlanta', 'ACTIVATED', 49),
('Henry', NULL, 'Stewart', '555-8765', 456789021, 567890123, 'MALE', '1989-07-15 00:00:00', 'Dallas', 'DEACTIVATED', 50),
('Violet', 'Scarlett', 'Diaz', '555-2345', 567890132, 678901234, 'FEMALE', '1982-11-08 00:00:00', 'Detroit', 'ACTIVATED', 51),
('Ryan', 'James', 'Rogers', '555-7654', 678901243, 789012345, 'MALE', '1995-10-22 00:00:00', 'Washington D.C.', 'DEACTIVATED', 52),
('Penelope', NULL, 'Murphy', '555-3210', 789012354, 890123456, 'FEMALE', '1977-05-19 00:00:00', 'San Diego', 'ACTIVATED', 53),
('Dylan', 'Jacob', 'Cooper', '555-6789', 890123465, 901234567, 'MALE', '1984-08-14 00:00:00', 'Minneapolis', 'DEACTIVATED', 54),
('Claire', 'Lillian', 'Foster', '555-5432', 901234576, 123450987, 'FEMALE', '1990-02-07 00:00:00', 'Austin', 'ACTIVATED', 55),
('Julian', NULL, 'Hayes', '555-0987', 123450998, 234567890, 'MALE', '1978-09-30 00:00:00', 'Portland', 'DEACTIVATED', 56),
('Madelyn', 'Ava', 'Rivera', '555-8765', 234567809, 345678901, 'FEMALE', '1981-12-25 00:00:00', 'Las Vegas', 'ACTIVATED', 57),
('Aaron', 'Tyler', 'Reed', '555-2345', 345678910, 456789012, 'MALE', '1996-03-18 00:00:00', 'New York', 'DEACTIVATED', 58),
('Leah', NULL, 'Morgan', '555-6789', 456789021, 567890123, 'FEMALE', '1974-06-11 00:00:00', 'Los Angeles', 'ACTIVATED', 59),
('Samantha', 'Hailey', 'Sanders', '555-3210', 567890132, 678901234, 'FEMALE', '1988-01-04 00:00:00', 'Chicago', 'DEACTIVATED', 60),
('Nolan', 'Owen', 'Ross', '555-7654', 678901243, 789012345, 'MALE', '1991-04-27 00:00:00', 'Houston', 'ACTIVATED', 61),
('Ellie', NULL, 'Griffin', '555-0987', 789012354, 890123456, 'FEMALE', '1994-07-20 00:00:00', 'San Francisco', 'DEACTIVATED', 62),
('Connor', 'Caleb', 'Gordon', '555-8765', 890123465, 901234567, 'MALE', '1979-10-13 00:00:00', 'Seattle', 'ACTIVATED', 63),
('Eva', 'Brooklyn', 'Young', '555-2345', 901234576, 123450987, 'FEMALE', '1983-03-06 00:00:00', 'Boston', 'DEACTIVATED', 64),
('Hudson', NULL, 'Harrison', '555-6789', 123450998, 234567890, 'MALE', '1997-06-29 00:00:00', 'Denver', 'ACTIVATED', 65),
('Lily', 'Sophia', 'Hunt', '555-3210', 234567809, 345678901, 'FEMALE', '1985-09-22 00:00:00', 'Philadelphia', 'DEACTIVATED', 66),
('Christian', 'Bryson', 'Knight', '555-7654', 345678910, 456789012, 'MALE', '1990-08-15 00:00:00', 'Phoenix', 'ACTIVATED', 67),
('Sarah', NULL, 'Dunn', '555-0987', 456789021, 567890123, 'FEMALE', '1977-11-08 00:00:00', 'Atlanta', 'DEACTIVATED', 68),
('Caroline', 'Piper', 'Bryant', '555-8765', 567890132, 678901234, 'FEMALE', '1982-02-01 00:00:00', 'Dallas', 'ACTIVATED', 69),
('Oscar', NULL, 'May', '555-2345', 678901243, 789012345, 'MALE', '1995-05-24 00:00:00', 'Detroit', 'DEACTIVATED', 70),
('Lucy', 'Annabelle', 'Owens', '555-3210', 789012354, 890123456, 'FEMALE', '1974-08-17 00:00:00', 'Washington D.C.', 'ACTIVATED', 71),
('Eliana', NULL, 'Mckinney', '555-7654', 890123465, 901234567, 'FEMALE', '1989-10-10 00:00:00', 'San Diego', 'DEACTIVATED', 72),
('Hunter', 'Josiah', 'Chavez', '555-0987', 901234576, 123450987, 'MALE', '1993-01-03 00:00:00', 'Minneapolis', 'ACTIVATED', 73),
('Adeline', NULL, 'Hubbard', '555-8765', 123450998, 234567890, 'FEMALE', '1978-04-26 00:00:00', 'Austin', 'DEACTIVATED', 74),
('Roman', 'Santiago', 'Hodges', '555-2345', 234567809, 345678901, 'MALE', '1981-07-19 00:00:00', 'Portland', 'ACTIVATED', 75),
('Cora', 'Reagan', 'Curtis', '555-3210', 345678910, 456789012, 'FEMALE', '1996-10-12 00:00:00', 'Philadelphia', 'DEACTIVATED', 76),
('Grayson', NULL, 'Gibson', '555-7654', 456789021, 567890123, 'MALE', '1985-09-05 00:00:00', 'Los Angeles', 'ACTIVATED', 77),
('Liliana', 'June', 'Walton', '555-0987', 567890132, 678901234, 'FEMALE', '1989-12-28 00:00:00', 'Chicago', 'DEACTIVATED', 78),
('Josiah', 'King', 'Freeman', '555-8765', 678901243, 789012345, 'MALE', '1994-03-21 00:00:00', 'Houston', 'ACTIVATED', 79),
('Isabelle', NULL, 'Morales', '555-2345', 789012354, 890123456, 'FEMALE', '1976-06-14 00:00:00', 'San Francisco', 'DEACTIVATED', 80),
('Austin', 'Xavier', 'Bowman', '555-3210', 890123465, 901234567, 'MALE', '1981-01-27 00:00:00', 'Seattle', 'ACTIVATED', 81),
('Zoey', 'Arianna', 'Fletcher', '555-7654', 901234576, 123450987, 'FEMALE', '1985-04-30 00:00:00', 'Boston', 'DEACTIVATED', 82),
('Leonardo', NULL, 'Mcgee', '555-0987', 123450998, 234567890, 'MALE', '1990-07-23 00:00:00', 'Denver', 'ACTIVATED', 83),
('Savannah', 'Alexandra', 'Hogan', '555-8765', 234567809, 345678901, 'FEMALE', '1995-10-18 00:00:00', 'Phoenix', 'DEACTIVATED', 84),
('Nicholas', 'Giovanni', 'Newton', '555-2345', 345678910, 456789012, 'MALE', '1977-03-16 00:00:00', 'Atlanta', 'ACTIVATED', 85),
('Maya', NULL, 'Sherman', '555-3210', 456789021, 567890123, 'FEMALE', '1980-08-09 00:00:00', 'Dallas', 'DEACTIVATED', 86),
('Ezekiel', 'Brayden', 'Ferguson', '555-7654', 567890132, 678901234, 'MALE', '1997-11-05 00:00:00', 'Detroit', 'ACTIVATED', 87),
('Audrey', NULL, 'Holt', '555-0987', 678901243, 789012345, 'FEMALE', '1983-12-28 00:00:00', 'Washington D.C.', 'DEACTIVATED', 88),
('Colton', 'Damian', 'Banks', '555-8765', 789012354, 890123456, 'MALE', '1996-02-17 00:00:00', 'San Diego', 'ACTIVATED', 89),
('Alice', 'Diana', 'Hale', '555-2345', 890123465, 901234567, 'FEMALE', '1975-05-11 00:00:00', 'Minneapolis', 'DEACTIVATED', 90),
('Emilia', NULL, 'Walters', '555-3210', 901234576, 123450987, 'FEMALE', '1990-09-24 00:00:00', 'Austin', 'ACTIVATED', 91),
('Brody', 'Finn', 'Carroll', '555-7654', 123450998, 234567890, 'MALE', '1984-02-08 00:00:00', 'Portland', 'DEACTIVATED', 92),
('Taylor', 'Clara', 'Livingston', '555-0987', 234567809, 345678901, 'FEMALE', '1987-06-03 00:00:00', 'Philadelphia', 'ACTIVATED', 93),
('Paisley', NULL, 'Malone', '555-8765', 345678910, 456789012, 'FEMALE', '1992-08-16 00:00:00', 'Phoenix', 'DEACTIVATED', 94),
('Maverick', 'Jaxon', 'Gill', '555-2345', 456789021, 567890123, 'MALE', '1979-11-29 00:00:00', 'Atlanta', 'ACTIVATED', 95),
('Lydia', 'Norah', 'Hooper', '555-3210', 567890132, 678901234, 'FEMALE', '1986-03-22 00:00:00', 'Dallas', 'DEACTIVATED', 96),
('Bennett', NULL, 'Vargas', '555-7654', 678901243, 789012345, 'MALE', '1991-10-14 00:00:00', 'Detroit', 'ACTIVATED', 97),
('Alyssa', 'Eleanor', 'Stokes', '555-0987', 789012354, 890123456, 'FEMALE', '1974-04-07 00:00:00', 'Washington D.C.', 'DEACTIVATED', 98),
('Weston', 'Beckett', 'Graves', '555-8765', 890123465, 901234567, 'MALE', '1994-07-28 00:00:00', 'San Diego', 'ACTIVATED', 99),
('Hailey', NULL, 'Huffman', '555-2345', 901234576, 123450987, 'FEMALE', '1980-11-20 00:00:00', 'Minneapolis', 'DEACTIVATED', 100),
('Santiago', 'Graham', 'Lamb', '555-3210', 123450998, 234567890, 'MALE', '1983-09-15 00:00:00', 'Austin', 'ACTIVATED', 101),
('Nova', NULL, 'Orozco', '555-7654', 234567809, 345678901, 'FEMALE', '1996-02-18 00:00:00', 'Portland', 'DEACTIVATED', 102),
('Hazel', 'Luna', 'Barrera', '555-0987', 345678910, 456789012, 'FEMALE', '1989-12-01 00:00:00', 'Philadelphia', 'ACTIVATED', 103),
('Bryce', NULL, 'Kaufman', '555-8765', 456789021, 567890123, 'MALE', '1992-04-27 00:00:00', 'Phoenix', 'DEACTIVATED', 104),
('Piper', 'Valerie', 'Brewer', '555-2345', 567890132, 678901234, 'FEMALE', '1978-06-13 00:00:00', 'Atlanta', 'ACTIVATED', 105),
('Antonio', 'Emilio', 'Ochoa', '555-3210', 678901243, 789012345, 'MALE', '1981-01-18 00:00:00', 'Dallas', 'DEACTIVATED', 106),
('Ivy', NULL, 'Randolph', '555-7654', 789012354, 890123456, 'FEMALE', '1994-05-25 00:00:00', 'Detroit', 'ACTIVATED', 107),
('Jaxon', 'Cole', 'Winters', '555-0987', 890123465, 901234567, 'MALE', '1977-08-29 00:00:00', 'Washington D.C.', 'DEACTIVATED', 108),
('Delilah', NULL, 'Hess', '555-8765', 901234576, 123450987, 'FEMALE', '1980-03-14 00:00:00', 'San Diego', 'ACTIVATED', 109),
('Jaxson', 'Asher', 'Hoover', '555-2345', 123450998, 234567890, 'MALE', '1996-06-20 00:00:00', 'Minneapolis', 'DEACTIVATED', 110),
('Juliana', NULL, 'Horn', '555-3210', 234567809, 345678901, 'FEMALE', '1989-09-09 00:00:00', 'Austin', 'ACTIVATED', 111),
('Everett', 'Kaiden', 'Fritz', '555-7654', 345678910, 456789012, 'MALE', '1992-11-16 00:00:00', 'Portland', 'DEACTIVATED', 112),
('Nevaeh', NULL, 'Lawson', '555-0987', 456789021, 567890123, 'FEMALE', '1975-12-08 00:00:00', 'Philadelphia', 'ACTIVATED', 113),
('Drew', 'Kieran', 'Mcpherson', '555-8765', 567890132, 678901234, 'MALE', '1981-05-25 00:00:00', 'Phoenix', 'DEACTIVATED', 114),
('Sawyer', NULL, 'Trujillo', '555-2345', 678901243, 789012345, 'MALE', '1984-08-19 00:00:00', 'Atlanta', 'ACTIVATED', 115),
('Eliza', 'Paris', 'Dickerson', '555-3210', 789012354, 890123456, 'FEMALE', '1997-01-28 00:00:00', 'Dallas', 'DEACTIVATED', 116),
('Matias', 'Bentley', 'Bentley', '555-7654', 890123465, 901234567, 'MALE', '1979-04-12 00:00:00', 'Detroit', 'ACTIVATED', 117),
('Alaina', NULL, 'Madden', '555-0987', 901234576, 123450987, 'FEMALE', '1982-07-11 00:00:00', 'Washington D.C.', 'DEACTIVATED', 118),
('Cole', 'Walker', 'Moon', '555-8765', 123450998, 234567890, 'MALE', '1985-10-04 00:00:00', 'San Diego', 'ACTIVATED', 119),
('Lia', NULL, 'Velez', '555-2345', 234567809, 345678901, 'FEMALE', '1990-02-19 00:00:00', 'Minneapolis', 'DEACTIVATED', 120),
('Emmett', 'Reed', 'Stout', '555-3210', 345678910, 456789012, 'MALE', '1993-11-21 00:00:00', 'Austin', 'ACTIVATED', 121),
('Anastasia', NULL, 'Booth', '555-7654', 456789021, 567890123, 'FEMALE', '1976-08-14 00:00:00', 'Portland', 'DEACTIVATED', 122),
('Finnegan', 'Matteo', 'Savage', '555-0987', 567890132, 678901234, 'MALE', '1989-03-07 00:00:00', 'Philadelphia', 'ACTIVATED', 123),
('Finley', NULL, 'Oconnell', '555-8765', 678901243, 789012345, 'FEMALE', '1994-06-30 00:00:00', 'Phoenix', 'DEACTIVATED', 124),
('Hayden', 'Russell', 'Monroe', '555-2345', 789012354, 890123456, 'MALE', '1977-09-23 00:00:00', 'Atlanta', 'ACTIVATED', 125),
('Clara', NULL, 'Rosales', '555-3210', 890123465, 901234567, 'FEMALE', '1980-12-16 00:00:00', 'Dallas', 'DEACTIVATED', 126),
('Emerson', 'Archer', 'Shepherd', '555-7654', 901234576, 123450987, 'MALE', '1985-03-11 00:00:00', 'Detroit', 'ACTIVATED', 127),
('Sienna', NULL, 'Serrano', '555-0987', 123450998, 234567890, 'FEMALE', '1990-06-04 00:00:00', 'Washington D.C.', 'DEACTIVATED', 128),
('Griffin', 'Elliot', 'Cordova', '555-8765', 234567809, 345678901, 'MALE', '1995-11-28 00:00:00', 'San Diego', 'ACTIVATED', 129),
('Freya', NULL, 'Berg', '555-2345', 345678910, 456789012, 'FEMALE', '1978-02-21 00:00:00', 'Minneapolis', 'DEACTIVATED', 130),
('Rhett', 'Grant', 'Oconnor', '555-3210', 456789021, 567890123, 'MALE', '1981-05-14 00:00:00', 'Austin', 'ACTIVATED', 131),
('Diana', NULL, 'Mcpherson', '555-7654', 567890132, 678901234, 'FEMALE', '1984-08-07 00:00:00', 'Portland', 'DEACTIVATED', 132),
('Phoenix', 'Jameson', 'Hanna', '555-0987', 678901243, 789012345, 'MALE', '1997-01-30 00:00:00', 'Philadelphia', 'ACTIVATED', 133),
('Samuel', 'Ryker', 'Pace', '555-8765', 789012354, 890123456, 'MALE', '1979-04-23 00:00:00', 'Phoenix', 'DEACTIVATED', 134),
('Juliette', NULL, 'Sweeney', '555-2345', 890123465, 901234567, 'FEMALE', '1982-07-16 00:00:00', 'Atlanta', 'ACTIVATED', 135),
('Beau', 'Harrison', 'Mercado', '555-3210', 901234576, 123450987, 'MALE', '1995-10-09 00:00:00', 'Dallas', 'DEACTIVATED', 136),
('Nyla', NULL, 'Tanner', '555-7654', 123450998, 234567890, 'FEMALE', '1976-03-02 00:00:00', 'Washington D.C.', 'ACTIVATED', 137),
('Jensen', 'Simon', 'Hess', '555-0987', 234567809, 345678901, 'MALE', '1979-06-25 00:00:00', 'San Diego', 'DEACTIVATED', 138),
('Ariella', NULL, 'Boyle', '555-8765', 345678910, 456789012, 'FEMALE', '1983-09-18 00:00:00', 'Minneapolis', 'ACTIVATED', 139),
('Archer', 'Milo', 'Roach', '555-2345', 456789021, 567890123, 'MALE', '1986-12-11 00:00:00', 'Austin', 'DEACTIVATED', 140),
('Raegan', NULL, 'Cameron', '555-3210', 567890132, 678901234, 'FEMALE', '1990-05-04 00:00:00', 'Portland', 'ACTIVATED', 141),
('Elliot', 'Hector', 'Rasmussen', '555-0987', 678901243, 789012345, 'MALE', '1993-08-27 00:00:00', 'Philadelphia', 'DEACTIVATED', 142),
('Mckenna', NULL, 'Odell', '555-8765', 789012354, 890123456, 'FEMALE', '1996-11-20 00:00:00', 'Phoenix', 'ACTIVATED', 143),
('Luka', 'Knox', 'Valenzuela', '555-2345', 890123465, 901234567, 'MALE', '1977-02-13 00:00:00', 'Atlanta', 'DEACTIVATED', 144),
('Kai', NULL, 'Adkins', '555-3210', 901234576, 123450987, 'MALE', '1980-01-06 00:00:00', 'Dallas', 'ACTIVATED', 145),
('Dayana', 'Marie', 'Cardenas', '555-7654', 123450998, 234567890, 'FEMALE', '1983-04-01 00:00:00', 'Washington D.C.', 'DEACTIVATED', 146),
('Jefferson', NULL, 'Vance', '555-0987', 234567809, 345678901, 'MALE', '1986-07-24 00:00:00', 'San Diego', 'ACTIVATED', 147),
('Raelynn', 'Jane', 'Bender', '555-8765', 345678910, 456789012, 'FEMALE', '1991-10-17 00:00:00', 'Minneapolis', 'DEACTIVATED', 148),
('Zayden', NULL, 'Rowland', '555-2345', 456789021, 567890123, 'MALE', '1994-11-10 00:00:00', 'Austin', 'ACTIVATED', 149),
('Kensley', 'Nicole', 'Finn', '555-3210', 567890132, 678901234, 'FEMALE', '1978-12-03 00:00:00', 'Portland', 'DEACTIVATED', 150);

INSERT INTO Clinic_User (username, email, password, user_Type, is_Active) VALUES
('EmiWil', 'labsupervisor1@example.com', 'password1', 'LAB_SUPERVISOR', true),
('DanTay', 'labsupervisor2@example.com', 'password2', 'LAB_SUPERVISOR', true),
('OliJoh', 'labsupervisor3@example.com', 'password3', 'LAB_SUPERVISOR', true);

INSERT INTO Clinic_User (username, email, password, user_Type, is_Active) VALUES
('SopAnd', 'labtechnician1@example.com', 'password4', 'LAB_TECHNICIAN', true),
('LiaMar', 'labtechnician2@example.com', 'password5', 'LAB_TECHNICIAN', true),
('EmmGar', 'labtechnician3@example.com', 'password6', 'LAB_TECHNICIAN', true),
('NoaRob', 'labtechnician4@example.com', 'password7', 'LAB_TECHNICIAN', true),
('AvaLee', 'labtechnician5@example.com', 'password8', 'LAB_TECHNICIAN', true),
('WilCla', 'labtechnician6@example.com', 'password9', 'LAB_TECHNICIAN', true),
('IsaRod', 'labtechnician7@example.com', 'password10', 'LAB_TECHNICIAN', true),
('JamLew', 'labtechnician8@example.com', 'password11', 'LAB_TECHNICIAN', true),
('MiaHal', 'labtechnician9@example.com', 'password12', 'LAB_TECHNICIAN', true);

INSERT INTO Clinic_User (username, email, password, user_Type, is_Active) VALUES
('JohSmi', 'doctor1@example.com', 'password13', 'DOCTOR', true),
('EmiJoh', 'doctor2@example.com', 'password14', 'DOCTOR', true),
('MicWil', 'doctor3@example.com', 'password15', 'DOCTOR', true),
('SarBro', 'doctor4@example.com', 'password16', 'DOCTOR', true),
('DavJon', 'doctor5@example.com', 'password17', 'DOCTOR', true),
('JenMil', 'doctor6@example.com', 'password18', 'DOCTOR', true),
('MatDav', 'doctor7@example.com', 'password19', 'DOCTOR', true);

INSERT INTO Clinic_User (username, email, password, user_Type, is_Active) VALUES
('AnnTay', 'registrar1@example.com', 'password20', 'MEDICAL_REGISTRAR', true),
('ChrMar', 'registrar2@example.com', 'password21', 'MEDICAL_REGISTRAR', true),
('JesLop', 'registrar3@example.com', 'password22', 'MEDICAL_REGISTRAR', true),
('RyaGar', 'registrar4@example.com', 'password23', 'MEDICAL_REGISTRAR', true),
('AmaHer', 'registrar5@example.com', 'password24', 'MEDICAL_REGISTRAR', true);

INSERT INTO Doctor (first_name, last_name, license_number) VALUES
('John', 'Smith', '123456'),
('Emily', 'Johnson', '234567'),
('Michael', 'Williams', '345678'),
('Sarah', 'Brown', '456789'),
('David', 'Jones', '567890'),
('Jennifer', 'Miller', '678901'),
('Matthew', 'Davis', '789012');

INSERT INTO Doctor_user(id, user_id) VALUES
(1, 13),
(2, 14),
(3, 15),
(4, 16),
(5, 17),
(6, 18),
(7, 19);

INSERT INTO Medical_Registrar (first_name, last_name) VALUES
('Anna', 'Taylor'),
('Christopher', 'Martinez'),
('Jessica', 'Lopez'),
('Ryan', 'Garcia'),
('Amanda', 'Hernandez');
INSERT INTO Medical_Registrar_user(id, user_id) VALUES
(1, 20),
(2, 21),
(3, 22),
(4, 23),
(5, 24);

INSERT INTO Appointment (description, diagnosis, status, registered_date, finished_date, patient_id, medical_registrar_id, doctor_id)
VALUES
('Regular check-up', 'None', 'REGISTERED', '2024-04-25 10:00:00', NULL, 1, 1, 1),
('Dental cleaning', 'None', 'ENDED', '2024-04-25 11:00:00', '2024-06-25 11:00:00', 2, 2, 2),
('MRI scan', 'None', 'CANCELLED', '2024-04-25 12:00:00', NULL, 3, 3, 3),
('Blood test', 'Anemia', 'REGISTERED', '2024-04-25 13:00:00', NULL, 4, 4, 4),
('Physical therapy', 'Back pain', 'REGISTERED', '2024-04-25 14:00:00', NULL, 5, 5, 5),
('Eye examination', 'None', 'REGISTERED', '2024-04-25 15:00:00', NULL, 6, 1, 6),
('Vaccination', 'None', 'CANCELLED', '2024-04-26 10:00:00', NULL, 7, 2, 7),
('Ultrasound', 'Pregnancy', 'ENDED', '2024-04-26 11:00:00', '2024-06-26 11:00:00', 8, 3, 1),
('Heart check-up', 'None', 'REGISTERED', '2024-04-26 12:00:00', NULL, 9, 4, 2),
('Colonoscopy', 'None', 'REGISTERED', '2024-04-26 13:00:00', NULL, 10, 5, 3),
('Dermatology consultation', 'Rash', 'REGISTERED', '2024-04-26 14:00:00', NULL, 11, 1, 4),
('X-ray', 'Fracture', 'ENDED', '2024-04-26 15:00:00', '2024-06-26 15:00:00', 12, 2, 5),
('Counseling session', 'Depression', 'REGISTERED', '2024-04-27 10:00:00', NULL, 13, 3, 6),
('Orthopedic examination', 'Sprain', 'REGISTERED', '2024-04-27 11:00:00', NULL, 14, 4, 7),
('Endoscopy', 'None', 'ENDED', '2024-04-27 12:00:00', '2024-07-27 12:00:00', 15, 5, 1),
('Gynecology consultation', 'Irregular periods', 'REGISTERED', '2024-04-27 13:00:00', NULL, 16, 1, 2),
('Neurology consultation', 'Migraine', 'REGISTERED', '2024-04-27 14:00:00', NULL, 17, 2, 3),
('Psychiatry evaluation', 'Anxiety', 'REGISTERED', '2024-04-27 15:00:00', NULL, 18, 3, 4),
('Dietitian appointment', 'Weight loss', 'REGISTERED', '2024-04-28 10:00:00', NULL, 19, 4, 5),
('Pulmonology consultation', 'Asthma', 'REGISTERED', '2024-04-28 11:00:00', NULL, 20, 5, 6);

INSERT INTO Lab_Supervisor (first_name, last_name) VALUES
('Emily', 'Williams'),
('Daniel', 'Taylor'),
('Olivia', 'Johnson');

INSERT INTO Lab_Supervisor_user (id, user_id) VALUES
(1, 1),
(2, 2),
(3, 3);

INSERT INTO Lab_Technician (first_name, last_name) VALUES
('Sophia', 'Anderson'),
('Liam', 'Martinez'),
('Emma', 'Garcia'),
('Noah', 'Robinson'),
('Ava', 'Lee'),
('William', 'Clark'),
('Isabella', 'Rodriguez'),
('James', 'Lewis'),
('Mia', 'Hall');

INSERT INTO Lab_Technician_user (id, user_id) VALUES
(1, 4),
(2, 5),
(3, 6),
(4, 7),
(5, 8),
(6, 9),
(7, 10),
(8, 11),
(9, 12);

INSERT INTO Examination_Dictionary (code, examination_type, examination_name) VALUES
('BPM', 'PHYSICAL', 'Blood Pressure Measurement'),
('HRM', 'PHYSICAL', 'Heart Rate Measurement'),
('TMP', 'PHYSICAL', 'Temperature Measurement'),
('HGT', 'PHYSICAL', 'Height Measurement'),
('WGT', 'PHYSICAL', 'Weight Measurement'),
('CBC', 'LABORATORY', 'Complete Blood Count (CBC)'),
('URI', 'LABORATORY', 'Urinalysis'),
('BGT', 'LABORATORY', 'Blood Glucose Test'),
('LPT', 'LABORATORY', 'Lipid Profile Test'),
('LFT', 'LABORATORY', 'Liver Function Test');

INSERT INTO Physical_Examination (result, appointment_id, examination_dictionary_code) VALUES
('120/80 mmHg', 1, 'BPM'),
('75 bpm', 2, 'HRM'),
('37.0°C', 3, 'TMP'),
('180 cm', 4, 'HGT'),
('75 kg', 5, 'WGT'),
('122/82 mmHg', 6, 'BPM'),
('73 bpm', 7, 'HRM'),
('37.2°C', 8, 'TMP'),
('178 cm', 9, 'HGT'),
('76 kg', 10, 'WGT');

INSERT INTO Laboratory_Examination (doctors_notes, order_date, result, finished_date, appointment_id, status, lab_technician_id, lab_supervisor_id, examination_dictionary_code, validation_date, supervisors_notes) VALUES
('Within normal range.', '2024-04-25 10:00:00', 'Normal', '2024-04-25 10:30:00', 1, 'DONE', 1, 1, 'CBC', '2024-04-25 11:00:00', 'All results look good.'),
('No abnormalities detected.', '2024-04-25 11:00:00', 'Normal', '2024-04-25 11:45:00', 2, 'DONE', 2, 2, 'URI', '2024-04-25 12:15:00', 'Patient is healthy.'),
('Normal blood sugar levels.', '2024-04-25 12:00:00', 'Normal', '2024-04-25 12:45:00', 3, 'DONE', 3, 3, 'BGT', '2024-04-25 13:30:00', 'Patient has good glucose levels.'),
('Results consistent with healthy liver function.', '2024-04-25 13:00:00', 'Normal', '2024-04-25 13:30:00', 4, 'DONE', 4, 1, 'LFT', '2024-04-25 14:00:00', 'Liver function appears normal.'),
('Normal lipid profile.', '2024-04-25 14:00:00', 'Normal', '2024-04-25 14:45:00', 5, 'DONE', 5, 2, 'LPT', '2024-04-25 15:15:00', 'Patient has a healthy lipid profile.'),
('Within normal range.', '2024-04-26 10:00:00', 'Normal', '2024-04-26 10:30:00', 6, 'DONE', 6, 3, 'CBC', '2024-04-26 11:00:00', 'All results are within expected range.'),
('No abnormalities detected.', '2024-04-26 11:00:00', 'Normal', '2024-04-26 11:45:00', 7, 'DONE', 7, 1, 'URI', '2024-04-26 12:15:00', 'Patient is in good health.'),
('Normal blood sugar levels.', '2024-04-26 12:00:00', 'Normal', '2024-04-26 12:45:00', 8, 'DONE', 8, 2, 'BGT', '2024-04-26 13:30:00', 'Patient has optimal blood glucose levels.'),
('Results consistent with healthy liver function.', '2024-04-26 13:00:00', 'Normal', '2024-04-26 13:30:00', 9, 'DONE', 9, 3, 'LFT', '2024-04-26 14:00:00', 'Liver function looks good.'),
('Normal lipid profile.', '2024-04-26 14:00:00', 'Normal', '2024-04-26 14:45:00', 10, 'DONE', 1, 1, 'LPT', '2024-04-26 15:15:00', 'Patient has healthy lipid levels.');
